{"cameraMode":{"drawMode":0,"name":"Shaded","section":"Shading Mode"},"sceneLighting":true,"audioPlay":false,"sceneViewState":{"m_AlwaysRefresh":false,"showFog":true,"showSkybox":true,"showFlares":true,"showImageEffects":true,"showParticleSystems":true,"showVisualEffectGraphs":true,"m_FxEnabled":true},"in2DMode":false,"pivot":{"x":-49.716365814208987,"y":147.80360412597657,"z":-296.43487548828127},"rotation":{"x":0.014327513985335827,"y":0.22074010968208314,"z":0.003243369748815894,"w":-0.975223958492279},"size":51.42874526977539,"orthographic":false}